{
  "version": 1,
  "author": "Anonymous maker",
  "editor": "wokwi",
  "parts": [
    { "type": "wokwi-arduino-uno", "id": "uno", "top": 19.8, "left": -0.6, "attrs": {} },
    { "type": "wokwi-slide-switch", "id": "sw1", "top": -120.4, "left": 156.7, "attrs": {} },
    { "type": "wokwi-slide-switch", "id": "sw2", "top": -120.4, "left": 204.7, "attrs": {} },
    { "type": "wokwi-led", "id": "led1", "top": -138, "left": 71, "attrs": { "color": "red" } }
  ],
  "connections": [
    [ "sw2:3", "uno:GND.1", "green", [ "v28.8", "h-115" ] ],
    [ "sw1:3", "uno:GND.1", "green", [ "v28.8", "h0.2" ] ],
    [ "sw1:1", "uno:5V", "green", [ "v0" ] ],
    [ "sw2:1", "uno:5V", "green", [ "v240", "h-48" ] ],
    [ "sw2:2", "uno:2", "green", [ "v67.2", "h19.3" ] ],
    [ "sw1:2", "uno:3", "green", [ "v76.8", "h57.7" ] ],
    [ "uno:4", "led1:A", "green", [ "v19.8", "h-150.3" ] ],
    [ "led1:C", "uno:GND.1", "green", [ "v38.4", "h29.2" ] ]
  ],
  "dependencies": {}
}